<?xml version="1.0" encoding="iso-8859-1"?>


<data>
		<![CDATA[

			<span class="black12">



<p>
Since 1979, Biotron Laboratories' primary mission is to address widespread mineral deficiency by making high quality supplement ingredients, rooted in sound science.
Our proprietary Biotron Process of manufacture results in a unique mineral ingredient for use in nutritional products of many different types. 
</p><br>

<p>
Our manufacturing plant was designed and built with quality control in mind. Biotron's manufacturing procedures have been granted ISO9001:2000 certification. This complete Quality Management System is overseen by independent third-party auditors who inspect our plant and systems regularly. 
</p><br>

<p>
What does this mean to you? It means each step of production closely follows a specific set of instructions designed to guarantee customer safety and satisfaction - each time - every time. It also means that we document every step of our process.
</p><br>

<p>
Learn more about mineral nutrition, and "The Biotron Process", by clicking <a href="asfunction:_root.controller.handleNavClick,2">here</a>. 
</p><br>

<p>
Biotron's corporate site can be found at: <a href="http://www.biotronlabs.com">www.biotronlabs.com</a>
</p><br>

			</span>
	
		]]>
</data>