<?xml version="1.0" encoding="iso-8859-1"?>


<data>
		<![CDATA[

			<span class="black12">

<p>
<b>Good intentions often go awry.</b> Despite our best efforts to get a well balanced diet, we may not be getting all the minerals we need. There are many different reasons - from increasingly busy and stressful lifestyles which leave little time for healthy cooking - to dietary choices that are naturally low in mineral nutrition.  Let's face it: the honest truth is that most of us simply do not eat a balanced diet primarily of fresh fruits, vegetables, nuts and lean proteins.  Instead, most of us rely on quick snacks and processed convenience foods. 
</p><br>					

<p>
<b>Consider the Facts:</b>
</p><br>		

<p> 
The World Health Organization estimates that literally billions of people across the world are deficient in iron <span class="black10">[1]</span>. Scientists discovered that nearly half of seniors involved in a Western European study did not get adequate calcium or iron in their diets <span class="black10">[2]</span>.<br>
Did you know that mineral deficiency is a serious problem even in America? Consider this: studies show that more than 60% of women throughout the southern United States have diets deficient in copper, zinc and selenium <span class="black10">[3]</span>, and recent findings by researchers at the U.S. Centers for Disease Control and Prevention in Atlanta concludes 'substantial' numbers of adults fail to get adequate magnesium in their diets <span class="black10">[4]</span>. It is likely that these general patterns of mineral deficiency extend across the United States.
</p><br>		

<p>
<b>Minerals and Good Health</b>
</p><br>		

<p>
Minerals play critical roles in nearly every conceivable metabolic process - they are involved in building healthy skeletal and cardiovascular systems, moving your muscles and transmitting nerve impulses - they even help the enzymes that maintain and replicate your DNA. Quite simply, if you are not getting adequate minerals in your diet, peak physiological performance remains out of reach.  A lifestyle rich in nutrients, including minerals as well as vitamins, proteins, carbohydrates and fats - coupled with regular exercise and plenty of rest, are the keys to unlocking good health. 
</p><br>		

<p>
<b>To learn more about the role of minerals in nutrition. Visit the National Institutes of Health: Office of Dietary Supplements</b>
</p><br>		
<span class="black10">
<p>
References:
</p><br>		
<p>
1.	CDC Recommendations to prevent and control iron deficiency in the United States. Centers for Disease Control and Prevention. MMWR Recomm Rep 1998;47:1-29.
<br>	<br>	
2.	Vitamin and mineral intakes in elderly.  Martins, I., Dantas, A., Guiomar, S., and Amorim Cruz, J.A. J. Nutr. Health Aging. 2002;6(1):63-65.
<br>	<br>	
3.	Assessment of antioxidant nutrient intake of a population of southern US African-American and Caucasian women of various ages when compared to dietary reference intakes.  Lewis, S.M., Mayhugh, et. al.  J. Nutr. Health Aging. 2003; 7(2):121-128.
<br>	<br>	
4.	Dietary magnesium intake in a national sample of U.S. adults.  Ford, E.S. and Mokdad, A.H. J. Nutrition. 2003. 133(9):2879-2882.
</p><br>		
			</span>

			</span>
	
		]]>
</data>